Workbook

Sheet Koupit
A1: Objednávka, jeden kotouč na figurku
A2: Koupeno jako dvě sady figurek (16 pěšců, 4 jezdci, 4 střelci, 4 věže, 2 dámy, 2 králové), věž jen jednou. Magnetů je 60, protiplechů 80, samolepek 70. Energie pěšce je měření bez plechu. Ostatní energie jsou odhad ze stejné mezery, taky bez plechu.
A4: Figurka | B4: Kotouč | C4: Tah | D4: Koupeno | E4: Sada | F4: Druhá sada | G4: Energie | H4: S plechem | I4: Poměr | J4: Zdroj | K4: Poznámka | L4: Odkaz
A5: pěšec | B5: Ø 10×1 mm, N42 | C5: 0,5 kg | D5: 32 | E5: 16 | F5: ano | G5: 103050 | I5: — | J5: naměřeno | K5: Bez protiplechu je pod 150 000. Plech na zádech to může zvednout, číslo sem nepiš, dokud to nezměříš. | L5: https://www.unimagnet.cz/neodymovy-magnet-kotouc-10-mm-v-1-mm-sila-500-g_z42/
A6: jezdec | B6: Ø 10×2 mm, N42 | C6: 1,3 kg | D6: 8 | E6: 4 | F6: ano | G6: 324000 | I6: =IF(OR(G6="",G5=""),"",IF(H6="",G6,H6)/IF(H5="",G5,H5)) -> 3.1441048 | J6: odhad | K6: Odhad je asi 3× nad naměřeným pěšcem. Pěšec ale sám o sobě deska nemusí vidět. | L6: https://www.unimagnet.cz/neodymovy-magnet-kotouc-10-mm-v-2-mm-sila-1-3-kg_z56/
A7: střelec | B7: Ø 10×3 mm, N42 | C7: 1,8 kg | D7: 8 | E7: 4 | F7: ano | G7: 583000 | I7: =IF(OR(G7="",G6=""),"",IF(H7="",G7,H7)/IF(H6="",G6,H6)) -> 1.7993827 | J7: odhad | K7: Odhad 1,8× nad jezdcem. Jeden kotouč místo tří tenkých. | L7: https://www.unimagnet.cz/neodymovy-magnet-kotouc-10-mm-v-3-mm-sila-1-8-kg_z113/
A8: věž | B8: Ø 10×5 mm, N38 | C8: 2,7 kg | D8: 4 | E8: 4 | F8: ne | G8: 929000 | I8: =IF(OR(G8="",G7=""),"",IF(H8="",G8,H8)/IF(H7="",G7,H7)) -> 1.593482 | J8: odhad | K8: Odhad jen 1,6× nad střelcem. Druhá sada chybí, jsou jen 4 kusy. | L8: https://www.unimagnet.cz/neodymovy-magnet-kotouc-10-mm-v-5-mm-sila-2-7-kg_z243/
A9: dáma | B9: Ø 10×8 mm, N42 | C9: 3,7 kg | D9: 4 | E9: 2 | F9: ano | G9: 1685000 | I9: =IF(OR(G9="",G8=""),"",IF(H9="",G9,H9)/IF(H8="",G8,H8)) -> 1.8137783 | J9: odhad | K9: Odhad 1,8× nad věží. Tah 3,7 kg, figurky se budou cukat. | L9: https://www.unimagnet.cz/neodymovy-magnet-kotouc-10-mm-v-8-mm-sila-3-7-kg_z331/
A10: král | B10: Ø 12×6 mm, N42 | C10: 4,5 kg | D10: 4 | E10: 2 | F10: ano | G10: 2098000 | I10: =IF(OR(G10="",G9=""),"",IF(H10="",G10,H10)/IF(H9="",G9,H9)) -> 1.2451039 | J10: odhad | K10: Odhad 1,25× nad dámou. S dámou se to může slít. Plech Ø 11 je menší než kotouč. | L10: https://www.unimagnet.cz/neodymovy-magnet-kotouc-12-mm-v-6-mm-sila-4-5-kg_z45/
A12: Příslušenství, jeden kus na magnet a rezerva
A13: protiplech | B13: OP-11-01-Zn | D13: 80 | K13: Ocelový plech na záda magnetu, ne mezi magnet a desku. 60 magnetů, 20 navíc.
A14: samolepka | B14: 3M 468MP, Ø 8 mm | D14: 70 | K14: Menší než kotouč, drží střed. 60 magnetů, 10 navíc.

Sheet Měření
A1: č. | B1: energie | C1: poznámka | D1: doporučená mez | E1: práh obsazeno | F1: šum desky | G1: verdikt | H1: poměr k předchozí
A2: 1 | B2: 28130 | C2: nejmenší tenký | D2: =Limity!$B$12 -> 150000 | E2: =Limity!$B$6 -> 72900 | F2: =Limity!$B$5 -> 15000 | G2: =IF(B2="","",IF(B2<Limity!$B$6,"pod prahem",IF(B2<Limity!$B$7,"slabé","v rozsahu"))) -> pod prahem | H2: —
A3: 2 | B3: 84458 | C3: dva nejtenčí | D3: =Limity!$B$12 -> 150000 | E3: =Limity!$B$6 -> 72900 | F3: =Limity!$B$5 -> 15000 | G3: =IF(B3="","",IF(B3<Limity!$B$6,"pod prahem",IF(B3<Limity!$B$7,"slabé","v rozsahu"))) -> slabé | H3: =IF(OR(B3="",B2=""),"",B3/B2) -> 3.0024173
A4: 3 | B4: 103050 | C4: o trochu větší, Ø 10×1 | D4: =Limity!$B$12 -> 150000 | E4: =Limity!$B$6 -> 72900 | F4: =Limity!$B$5 -> 15000 | G4: =IF(B4="","",IF(B4<Limity!$B$6,"pod prahem",IF(B4<Limity!$B$7,"slabé","v rozsahu"))) -> slabé | H4: =IF(OR(B4="",B3=""),"",B4/B3) -> 1.2201331
A5: 4 | B5: 215440 | C5: nejtenčí a ten o trochu větší | D5: =Limity!$B$12 -> 150000 | E5: =Limity!$B$6 -> 72900 | F5: =Limity!$B$5 -> 15000 | G5: =IF(B5="","",IF(B5<Limity!$B$6,"pod prahem",IF(B5<Limity!$B$7,"slabé","v rozsahu"))) -> v rozsahu | H5: =IF(OR(B5="",B4=""),"",B5/B4) -> 2.0906356
A6: 5 | B6: 341666 | C6: 2× o trochu větší | D6: =Limity!$B$12 -> 150000 | E6: =Limity!$B$6 -> 72900 | F6: =Limity!$B$5 -> 15000 | G6: =IF(B6="","",IF(B6<Limity!$B$6,"pod prahem",IF(B6<Limity!$B$7,"slabé","v rozsahu"))) -> v rozsahu | H6: =IF(OR(B6="",B5=""),"",B6/B5) -> 1.5858986
A7: 6 | B7: 748969 | C7: 3× o trochu větší | D7: =Limity!$B$12 -> 150000 | E7: =Limity!$B$6 -> 72900 | F7: =Limity!$B$5 -> 15000 | G7: =IF(B7="","",IF(B7<Limity!$B$6,"pod prahem",IF(B7<Limity!$B$7,"slabé","v rozsahu"))) -> v rozsahu | H7: =IF(OR(B7="",B6=""),"",B7/B6) -> 2.1921087
A8: 7 | B8: 1181200 | C8: 4× o trochu větší | D8: =Limity!$B$12 -> 150000 | E8: =Limity!$B$6 -> 72900 | F8: =Limity!$B$5 -> 15000 | G8: =IF(B8="","",IF(B8<Limity!$B$6,"pod prahem",IF(B8<Limity!$B$7,"slabé","v rozsahu"))) -> v rozsahu | H8: =IF(OR(B8="",B7=""),"",B8/B7) -> 1.5771013
A9: 8 | B9: 1666645 | C9: 5× větších | D9: =Limity!$B$12 -> 150000 | E9: =Limity!$B$6 -> 72900 | F9: =Limity!$B$5 -> 15000 | G9: =IF(B9="","",IF(B9<Limity!$B$6,"pod prahem",IF(B9<Limity!$B$7,"slabé","v rozsahu"))) -> v rozsahu | H9: =IF(OR(B9="",B8=""),"",B9/B8) -> 1.4109761
A10: 9 | B10: 2096288 | C10: 6× větších | D10: =Limity!$B$12 -> 150000 | E10: =Limity!$B$6 -> 72900 | F10: =Limity!$B$5 -> 15000 | G10: =IF(B10="","",IF(B10<Limity!$B$6,"pod prahem",IF(B10<Limity!$B$7,"slabé","v rozsahu"))) -> v rozsahu | H10: =IF(OR(B10="",B9=""),"",B10/B9) -> 1.2577892
A11: 9 | D11: =Limity!$B$12 -> 150000 | E11: =Limity!$B$6 -> 72900 | F11: =Limity!$B$5 -> 15000
A12: 10 | D12: =Limity!$B$12 -> 150000 | E12: =Limity!$B$6 -> 72900 | F12: =Limity!$B$5 -> 15000
A13: 11 | D13: =Limity!$B$12 -> 150000 | E13: =Limity!$B$6 -> 72900 | F13: =Limity!$B$5 -> 15000
A14: 12 | D14: =Limity!$B$12 -> 150000 | E14: =Limity!$B$6 -> 72900 | F14: =Limity!$B$5 -> 15000
A15: 13 | D15: =Limity!$B$12 -> 150000 | E15: =Limity!$B$6 -> 72900 | F15: =Limity!$B$5 -> 15000
A16: 14 | D16: =Limity!$B$12 -> 150000 | E16: =Limity!$B$6 -> 72900 | F16: =Limity!$B$5 -> 15000
A17: 15 | D17: =Limity!$B$12 -> 150000 | E17: =Limity!$B$6 -> 72900 | F17: =Limity!$B$5 -> 15000
A18: 16 | D18: =Limity!$B$12 -> 150000 | E18: =Limity!$B$6 -> 72900 | F18: =Limity!$B$5 -> 15000
A19: 17 | D19: =Limity!$B$12 -> 150000 | E19: =Limity!$B$6 -> 72900 | F19: =Limity!$B$5 -> 15000
A20: 18 | D20: =Limity!$B$12 -> 150000 | E20: =Limity!$B$6 -> 72900 | F20: =Limity!$B$5 -> 15000
A21: 19 | D21: =Limity!$B$12 -> 150000 | E21: =Limity!$B$6 -> 72900 | F21: =Limity!$B$5 -> 15000
A22: 20 | D22: =Limity!$B$12 -> 150000 | E22: =Limity!$B$6 -> 72900 | F22: =Limity!$B$5 -> 15000
... A31: 29 | D31: =Limity!$B$12 -> 150000 | E31: =Limity!$B$6 -> 72900 | F31: =Limity!$B$5 -> 15000
A33: Řádky 1–9 jsou stohy malých kotoučů. Objednané jednotlivé kotouče jsou na listu Koupit.

Sheet Limity
A1: Rozsah Hall senzoru
A3: Veličina | B3: Energie | C3: Co to znamená
A4: Minimum senzoru | B4: 0 | C4: Prázdné pole po odečtení základny.
A5: Šum, který firmware ignoruje | B5: 15000 | C5: Deadband. Zhruba 1 mT na obou kanálech.
A6: Práh obsazeno | B6: 72900 | C6: Součet absolutních odchylek 270. Pod tím firmware pole nevidí.
A7: Doporučené minimum magnetu | B7: 150000 | C7: Dvojnásobek prahu obsazeno.
A8: Lineární strop DRV5055A1 | B8: 5916800 | C8: Oba kanály na ±21 mT. Dál senzor není lineární.
A9: Strop ADC | B9: 8388608 | C9: Oba 12bit kanály na kraji rozsahu. Výš číslo nevznikne.
A11: Naměřený šum prázdného pole | C11: Volitelné. Jedno stisknutí bez magnetu.
A12: Mez použitá u magnetů | B12: =MAX(B7,IF(B11="",B7,B11*3)) -> 150000 | C12: 150 000, dokud šum prázdného pole nepřekročí 50 000.
A14: Jak vznikla čísla
A15: Dva DRV5055A1 na poli. STM32 je čte 12bit ADC při 3,3 V. Energie je odchylka0² + odchylka1².
A16: A1 má při 3,3 V asi 66 mV/mT. 1 mT je zhruba 82 dílků ADC.
A17: Zemské pole a telefon jsou hluboko pod prahem obsazeno.
