Workbook

Sheet Figury
A1: Figury z naměřených magnetů
A2: Energie bere vzorce z listu Měření. Pásma jsou geometrický střed mezi sousedy. Král je žlutá buňka: až vložíš číslo, doplní se horní mez dámy.
A4: Typ | B4: Sestava | C4: Energie | D4: Pásmo od | E4: Pásmo do | F4: Poměr k předchozí | G4: Poznámka | H4: Kotouč | I4: Kusů | J4: Odkaz
A5: pěšec | B5: 1× o trochu větší | C5: ='Měření'!B3 | D5: 100000 | E5: =ROUND(SQRT(C5*C6),0) | F5: — | G5: Nejnižší spolehlivá sestava. | H5: Ø 10×1 mm, N42, 500 g | I5: 16 | J5: https://www.unimagnet.cz/neodymovy-magnet-kotouc-10-mm-v-1-mm-sila-500-g_z42/
A6: jezdec | B6: tenký + 1× o trochu větší | C6: ='Měření'!B5 | D6: =E5+1 | E6: =ROUND(SQRT(C6*C7),0) | F6: =C6/C5 | G6: 2,09× nad pěšcem. | H6: Ø 10×2 mm, N42, 1,3 kg | I6: 4 | J6: https://www.unimagnet.cz/neodymovy-magnet-kotouc-10-mm-v-2-mm-sila-1-3-kg_z56/
A7: střelec | B7: 2× o trochu větší | C7: ='Měření'!B6 | D7: =E6+1 | E7: =ROUND(SQRT(C7*C8),0) | F7: =C7/C6 | G7: 1,78× nad jezdcem. Těsné, při ±30 % ještě těsně drží. | H7: Ø 10×3 mm, N42, 1,8 kg | I7: 4 | J7: https://www.unimagnet.cz/neodymovy-magnet-kotouc-10-mm-v-3-mm-sila-1-8-kg_z113/
A8: věž | B8: 3× o trochu větší | C8: ='Měření'!B7 | D8: =E7+1 | E8: =ROUND(SQRT(C8*C9),0) | F8: =C8/C7 | G8: 2,06× nad střelcem. | H8: Ø 10×5 mm, N38, 2,7 kg | I8: 4 | J8: https://www.unimagnet.cz/neodymovy-magnet-kotouc-10-mm-v-5-mm-sila-2-7-kg_z243/
A9: dáma | B9: 4× o trochu větší | C9: ='Měření'!B8 | D9: =E8+1 | E9: =IF(C10="","",ROUND(SQRT(C9*C10),0)) | F9: =C9/C8 | G9: 1,62× nad věží. Při rozptylu nad ±25 % se s věží sleje. Horní mez se doplní po králi. | H9: Ø 10×8 mm, N42, 3,7 kg | I9: 2 | J9: https://www.unimagnet.cz/neodymovy-magnet-kotouc-10-mm-v-8-mm-sila-3-7-kg_z331/
A10: král | B10: 6× o trochu větší + nejtenčí | D10: =IF(E9="","",E9+1) | E10: 5500000 | F10: =IF(C10="","",C10/C9) | G10: Sem vlož číslo z terminálu. Odhad 4,2–5,0 milionu, cíl nad 3 700 000 a pod 5,5 milionu. | H10: Ø 12×6 mm, N42, 4,5 kg | I10: 2 | J10: https://www.unimagnet.cz/neodymovy-magnet-kotouc-12-mm-v-6-mm-sila-4-5-kg_z45/
A12: Nepoužívat
A13: Sestava | B13: Energie | C13: Proč
A14: nejmenší tenký | B14: ='Měření'!B2 | C14: 59 650 je pod prahem obsazeno 72 900. Samostatná figura z něj nebude. Smí jen jako přívažek krále.
A15: dva nejtenčí | B15: ='Měření'!B4 | C15: 222 937 je jen 1,29× nad pěšcem (172 420). Pásma se při položení slijí.
A16: druhý největší | B16: ='Měření'!B9 | C16: 6,03 milionu je za lineárním stropem senzoru 5,92 milionu. Číslo už neroste s magnetem.
A17: největší | B17: ='Měření'!B10 | C17: 7,25 milionu je skoro na stropu ADC 8,39 milionu a od druhého největšího ho dělí jen 1,2×.
A19: Barva figury je znaménko odchylky, tedy kterou stranou magnet leží. Typ je tahle energie. Stejná sestava musí u všech kopií dané figury vyjít do svého pásma. Do firmware se prahy zapíšou až po čísle krále.

Sheet Měření
A1: č. | B1: energie | C1: poznámka | D1: doporučená mez | E1: práh obsazeno | F1: šum desky
A2: 1 | B2: 59650 | C2: nejmensi tenky | D2: =Limity!$B$12 | E2: =Limity!$B$6 | F2: =Limity!$B$5
A3: 2 | B3: 172420 | C3: o trochu vetsi | D3: =Limity!$B$12 | E3: =Limity!$B$6 | F3: =Limity!$B$5
A4: 3 | B4: 222937 | C4: dva nejtenci | D4: =Limity!$B$12 | E4: =Limity!$B$6 | F4: =Limity!$B$5
A5: 4 | B5: 360797 | C5: nejtenci a ten o trochu vetsi - ne moc | D5: =Limity!$B$12 | E5: =Limity!$B$6 | F5: =Limity!$B$5
A6: 5 | B6: 642760 | C6: 2 trochu vetsi | D6: =Limity!$B$12 | E6: =Limity!$B$6 | F6: =Limity!$B$5
A7: 6 | B7: 1326866 | C7: 3 trochu vetsi | D7: =Limity!$B$12 | E7: =Limity!$B$6 | F7: =Limity!$B$5
A8: 7 | B8: 2145938 | C8: 4 trochu vetsi | D8: =Limity!$B$12 | E8: =Limity!$B$6 | F8: =Limity!$B$5
A9: 8 | B9: 6034660 | C9: druhy nejvetsi | D9: =Limity!$B$12 | E9: =Limity!$B$6 | F9: =Limity!$B$5
A10: 9 | B10: 7250530 | C10: nejvetsi | D10: =Limity!$B$12 | E10: =Limity!$B$6 | F10: =Limity!$B$5
A11: 10 | D11: =Limity!$B$12 | E11: =Limity!$B$6 | F11: =Limity!$B$5
A12: 11 | D12: =Limity!$B$12 | E12: =Limity!$B$6 | F12: =Limity!$B$5
A13: 12 | D13: =Limity!$B$12 | E13: =Limity!$B$6 | F13: =Limity!$B$5
A14: 13 | D14: =Limity!$B$12 | E14: =Limity!$B$6 | F14: =Limity!$B$5
A15: 14 | D15: =Limity!$B$12 | E15: =Limity!$B$6 | F15: =Limity!$B$5
A16: 15 | D16: =Limity!$B$12 | E16: =Limity!$B$6 | F16: =Limity!$B$5
A17: 16 | D17: =Limity!$B$12 | E17: =Limity!$B$6 | F17: =Limity!$B$5
A18: 17 | D18: =Limity!$B$12 | E18: =Limity!$B$6 | F18: =Limity!$B$5
A19: 18 | D19: =Limity!$B$12 | E19: =Limity!$B$6 | F19: =Limity!$B$5
A20: 19 | D20: =Limity!$B$12 | E20: =Limity!$B$6 | F20: =Limity!$B$5
A21: 20 | D21: =Limity!$B$12 | E21: =Limity!$B$6 | F21: =Limity!$B$5
A22: 21 | D22: =Limity!$B$12 | E22: =Limity!$B$6 | F22: =Limity!$B$5
... A31: 30 | D31: =Limity!$B$12 | E31: =Limity!$B$6 | F31: =Limity!$B$5
A33: Do žlutého sloupce vlož čísla z terminálu v pořadí, jak je tiskne tlačítko. Prázdný řádek nech prázdný, když magnetů bude míň než 30.

Sheet Limity
A1: Rozsah Hall senzoru a mez pro magnet
A3: Veličina | B3: Energie | C3: Co to znamená
A4: Minimum senzoru | B4: 0 | C4: Prázdné pole po odečtení základny. Níž energie nejde.
A5: Šum, který firmware ignoruje | B5: 15000 | C5: Deadband. Zhruba 1 mT na obou kanálech, nebo klid desky.
A6: Práh „obsazeno“ | B6: 72900 | C6: Součet |odchylek| = 270, celá odchylka na jednom senzoru (270²). Pod tím firmware pole nevidí.
A7: Doporučené minimum magnetu | B7: 150000 | C7: Dvojnásobek prahu obsazeno. Park (zemské pole, klíče, telefon dál od desky) je hluboko pod tím.
A8: Lineární strop DRV5055A1 | B8: 5916800 | C8: Oba kanály na ±21 mT. Dál už senzor není lineární.
A9: Strop ADC | B9: 8388608 | C9: Oba 12bit kanály na kraji rozsahu (2 × 2048²). Výš firmware číslo nevyrobí.
A11: Naměřený šum prázdného pole | C11: Volitelné. Jedno stisknutí bez magnetu. Když je větší než 50 000, mez v grafu se zvedne na trojnásobek.
A12: Mez použitá v grafu magnetů | B12: =MAX(B7,IF(B11="",B7,B11*3)) | C12: 150 000, dokud šum prázdného pole nepřekročí 50 000.
A14: Jak vznikla čísla
A16: Na každém poli jsou dva DRV5055A1. STM32 je čte 12bit ADC při 3,3 V. Firmware odečte prázdnou základnu a tiskne energii = odchylka0² + odchylka1².
A17: A1 má při 5 V citlivost 100 mV/mT, při 3,3 V tedy 66 mV/mT. Jeden dílek ADC je asi 0,82 mV, takže 1 mT je zhruba 82 dílků.
A18: Zemské pole v parku je asi 0,05 mT, po základně pár dílků a energie v desítkách. Telefon nebo klíče až u senzoru umí kolem 1 mT (energie zhruba 7–13 tisíc). To ještě neprojde prahem obsazeno.
A19: Skutečná podlaha je šum desky. Firmware pustí pole až když součet absolutních odchylek dosáhne 270. Nejhůř (jeden senzor) je to energie 72 900. Doporučených 150 000 je dvojnásobek, aby magnet zůstal vidět i když se šum a cizí pole sečtou.
A20: Nejmenší magnet, který dává smysl, je ten, jehož číslo z terminálu je nad oranžovou mezí. Cokoli mezi šedou a oranžovou deska občas uvidí a občas ne. Pod šedou to jako figuru nevezme.
A21: Rozpis figur, pásem a magnetů, které nepoužít, je na listu Figury.
